{"accuracy": [0.6087915301322937, 0.8592076301574707, 0.9133651256561279, 0.9394835829734802, 0.954619824886322, 0.9629703164100647, 0.9710648059844971, 0.9758304357528687, 0.9777366518974304, 0.9828437566757202], "loss": [1.3286774158477783, 0.44580966234207153, 0.2661914825439453, 0.18806707859039307, 0.14081868529319763, 0.11187836527824402, 0.08868587017059326, 0.07394587248563766, 0.06717083603143692, 0.05532225966453552], "val_accuracy": [0.8621101975440979, 0.8404848575592041, 0.9042226076126099, 0.9374004006385803, 0.9373434782028198, 0.9552128314971924, 0.9552697539329529, 0.9582290053367615, 0.9658547639846802, 0.9668222069740295], "val_loss": [0.42679718136787415, 0.5062341690063477, 0.3010609447956085, 0.19268575310707092, 0.18960432708263397, 0.1421670764684677, 0.13983915746212006, 0.13900887966156006, 0.10826779156923294, 0.11424052715301514]}